Common Name,Full Name,Certainty Begin First Reign,Era Begin First Reign,Begin First Reign,Certainty End First Reign,End First Reign,Days of First Reign,Years of First Reign,Certainty Begin Second Reign,Begin Second Reign,Certainty End Second Reign,End Second Reign,Days of Second Reign,Years of Second Reign,Part of Empire,Period,Epoch,Legitimacy,Status as Emperor,Succession 1,Succession 2,Succession 3,Certainty Birth,Era Birth,Date of Birth,Certainty Death,Date of Death,Age,Life details 1,Life details 2,Life details 3,Life details 4
Augustus,Caesar Augustus,certain,BC,0027-01-16 ,certain,0014-08-19 ,14813,40.58,certain,No second reign,certain,No second reign,0,0.0,Whole empire,Julio-Claudian dynasty (27 BC-68 AD),Principate (27 BC-284 AD),strong,canonical,Grandnephew and adopted son of Julius Caesar,"Gradually acquired further power through grants from, and constitutional settlements with, the Roman Senate",No information,certain,BC,0063-09-23 ,certain,0014-08-19 ,75,Born as Gaius Octavius,First elected Roman consul on 19 August 43 BC,Died of natural causes,No information
Tiberius,Caesar Augustus,certain,AD,0014-09-17 ,certain,0037-03-16 ,8207,22.48,certain,No second reign,certain,No second reign,0,0.0,Whole empire,Julio-Claudian dynasty (27 BC-68 AD),Principate (27 BC-284 AD),strong,canonical,"Stepson, former son-in-law and adopted son of Augustus",No information,No information,certain,BC,0042-11-16 ,certain,0037-03-16 ,77,"Died probably of natural causes, allegedly murdered at the instigation of Caligula",No information,No information,No information
Caligula,Gaius Caesar Augustus Germanicus,certain,AD,0037-03-18 ,certain,0041-01-24 ,1401,3.84,certain,No second reign,certain,No second reign,0,0.0,Whole empire,Julio-Claudian dynasty (27 BC-68 AD),Principate (27 BC-284 AD),strong,canonical,"Grandnephew and adopted heir of Tiberius, great-grandson of Augustus",No information,No information,certain,AD,0012-08-31 ,certain,0041-01-24 ,28,Murdered in a conspiracy involving the Praetorian Guard and senators,No information,No information,No information
Claudius,Tiberius Caesar Augustus Germanicus,certain,AD,0041-01-24 ,certain,0054-10-13 ,5004,13.71,certain,No second reign,certain,No second reign,0,0.0,Whole empire,Julio-Claudian dynasty (27 BC-68 AD),Principate (27 BC-284 AD),strong,canonical,"Uncle of Caligula, grandnephew of Augustus, proclaimed emperor by the Praetorian Guard and accepted by the Senate",No information,No information,certain,BC,0010-08-01 ,certain,0054-10-13 ,63,Began the Roman conquest of Britain,"Probably poisoned by his wife Agrippina, in favor of her son Nero",No information,No information
Nero,Claudius Caesar Augustus Germanicus,certain,AD,0054-10-13 ,certain,0068-06-09 ,4982,13.65,certain,No second reign,certain,No second reign,0,0.0,Whole empire,Julio-Claudian dynasty (27 BC-68 AD),Principate (27 BC-284 AD),strong,canonical,"Grandnephew, stepson, son-in-law and adopted son of Claudius, great-great-grandson of Augustus",No information,No information,certain,AD,0037-12-15 ,certain,0068-06-09 ,30,Committed suicide after being deserted by the Praetorian Guard and sentenced to death by the Senate,No information,No information,No information
Galba,Servius Caesar Augustus,certain,AD,0068-06-08 ,certain,0069-01-15 ,217,0.59,certain,No second reign,certain,No second reign,0,0.0,Whole empire,Year of the Four Emperors (68-69),Principate (27 BC-284 AD),strong,canonical,"Governor of Hispania Tarraconensis, revolted against Nero and seized power after his suicide, with support of the Senate and Praetorian Guard",No information,No information,certain,BC,0003-12-24 ,certain,0069-01-15 ,72,Murdered by soldiers of the Praetorian Guard in a coup led by Otho,No information,No information,No information
Otho,Marcus Caesar Augustus,certain,AD,0069-01-15 ,certain,0069-04-16 ,91,0.25,certain,No second reign,certain,No second reign,0,0.0,Whole empire,Year of the Four Emperors (68-69),Principate (27 BC-284 AD),strong,canonical,Seized power through a coup against Galba,No information,No information,certain,AD,0032-04-28 ,certain,0069-04-16 ,36,Committed suicide after losing the Battle of Bedriacum to Vitellius,No information,No information,No information
Vitellius,Aulus Germanicus Augustus,certain,AD,0069-04-19 ,certain,0069-12-20 ,241,0.66,certain,No second reign,certain,No second reign,0,0.0,Whole empire,Year of the Four Emperors (68-69),Principate (27 BC-284 AD),strong,canonical,"Governor of Germania Inferior, proclaimed emperor by the Rhine legions on 2 January in opposition to Galba and Otho, later recognized by the Senate",No information,No information,certain,AD,0015-09-24 ,certain,0069-12-??,54,Murdered by Vespasian's troops,No information,No information,No information
Vespasian,Caesar Vespasianus Augustus,certain,AD,0069-07-01 ,certain,0079-06-23 ,3637,9.96,certain,No second reign,certain,No second reign,0,0.0,Whole empire,Flavian dynasty (69-96),Principate (27 BC-284 AD),strong,canonical,"Proclaimed by the eastern legions on 1 July 69 in opposition to Vitellius, later recognized by the Senate",No information,No information,certain,AD,0009-11-17 ,certain,0079-06-23 ,69,Began construction of the Colosseum,Died of dysentery,No information,No information
Titus,Caesar Vespasianus Augustus,certain,AD,0079-06-24 ,certain,0081-09-13 ,810,2.22,certain,No second reign,certain,No second reign,0,0.0,Whole empire,Flavian dynasty (69-96),Principate (27 BC-284 AD),strong,canonical,Son of Vespasian,No information,No information,certain,AD,0039-12-30 ,certain,0081-09-13 ,41,Died of natural causes,No information,No information,No information
Domitian,Caesar Domitianus Augustus,certain,AD,0081-09-14 ,certain,0096-09-18 ,5479,15.01,certain,No second reign,certain,No second reign,0,0.0,Whole empire,Flavian dynasty (69-96),Principate (27 BC-284 AD),strong,canonical,Brother of Titus and son of Vespasian,No information,No information,certain,AD,0051-10-24 ,certain,0096-09-18 ,44,"Assassinated in a conspiracy of court officials, possibly involving Nerva",No information,No information,No information
Nerva,Caesar Augustus,certain,AD,0096-09-18 ,certain,0098-01-27 ,494,1.35,certain,No second reign,certain,No second reign,0,0.0,Whole empire,Nerva-Antonine dynasty (96-192),Principate (27 BC-284 AD),strong,canonical,Proclaimed emperor by the Senate after the murder of Domitian,No information,No information,certain,AD,0030-11-08 ,certain,0098-01-27 ,67,"First of the ""Five Good Emperors""",Died of natural causes,No information,No information
Trajan,Caesar Nerva Traianus Augustus,certain,AD,0098-01-28 ,certain,0117-08-??,7115,19.49,certain,No second reign,certain,No second reign,0,0.0,Whole empire,Nerva-Antonine dynasty (96-192),Principate (27 BC-284 AD),strong,canonical,Adopted son of Nerva,No information,No information,certain,AD,0053-09-18 ,certain,0117-08-??,63,First non-Italian emperor,His reign marked the geographical peak of the empire,Died of natural causes,No information
Hadrian,Caesar Traianus Hadrianus Augustus,certain,AD,0117-08-11 ,certain,0138-07-10 ,7629,20.9,certain,No second reign,certain,No second reign,0,0.0,Whole empire,Nerva-Antonine dynasty (96-192),Principate (27 BC-284 AD),strong,canonical,"Cousin of Trajan, allegedly adopted on his deathbed",No information,No information,certain,AD,0076-01-24 ,certain,0138-07-10 ,62,Ended Roman expansionism,Destroyed Judea after a massive revolt,Died of natural causes,No information
Antoninus Pius,Titus Aelius Hadrianus Antoninus Pius,certain,AD,0138-07-10 ,certain,0161-03-07 ,8265,22.64,certain,No second reign,certain,No second reign,0,0.0,Whole empire,Nerva-Antonine dynasty (96-192),Principate (27 BC-284 AD),strong,canonical,Adopted son of Hadrian,No information,No information,certain,AD,0086-09-19 ,certain,0161-03-07 ,74,Died of natural causes,No information,No information,No information
Marcus Aurelius,Antoninus,certain,AD,0161-03-07 ,certain,0180-03-17 ,6945,19.03,certain,No second reign,certain,No second reign,0,0.0,Whole empire,Nerva-Antonine dynasty (96-192),Principate (27 BC-284 AD),strong,canonical,Son-in-law and adopted son of Antoninus Pius,"Until 169 reigned jointly with his adoptive brother, Lucius Verus, the first time multiple emperors shared power",Since 177 reigned jointly with his son Commodus,certain,AD,0121-04-26 ,certain,0180-03-17 ,58,"Last of the ""Five Good Emperors""",Also one of the most representative Stoic philosophers,Died of natural causes,No information
Lucius Verus,Lucius Aurelius Verus,certain,AD,0161-03-07 ,certain,0169-01-??,2885,7.9,certain,No second reign,certain,No second reign,0,0.0,Whole empire,Nerva-Antonine dynasty (96-192),Principate (27 BC-284 AD),strong,canonical,"Adopted son of Antoninus Pius, joint emperor with his adoptive brother, Marcus Aurelius",No information,No information,certain,AD,0130-12-15 ,certain,0169-??-??,38,Died of natural causes,No information,No information,No information
Commodus,Marcus Aurelius Antoninus / Lucius Aelius Aurelius Commodus,certain,AD,0180-03-17 ,certain,0192-12-31 ,4664,12.78,certain,No second reign,certain,No second reign,0,0.0,Whole empire,Nerva-Antonine dynasty (96-192),Principate (27 BC-284 AD),strong,canonical,Son of Marcus Aurelius,"Proclaimed co-emperor in 177, at age 16, becoming the first emperor to be elevated during predecessor's lifetime",No information,certain,AD,0161-08-31 ,certain,0192-12-31 ,31,"Strangled to death in a conspiracy involving his praetorian prefect, Laetus, and mistress, Marcia",No information,No information,No information
Pertinax,Publius Helvius Pertinax,certain,AD,0193-01-01 ,certain,0193-03-28 ,87,0.24,certain,No second reign,certain,No second reign,0,0.0,Whole empire,Year of the Five Emperors (193),Principate (27 BC-284 AD),strong,canonical,"City prefect of Rome at Commodus's death, set up as emperor by the praetorian prefect, Laetus, with consent of the Senate",No information,No information,certain,AD,0126-08-01 ,certain,0193-03-28 ,66,Murdered by mutinous soldiers of the Praetorian Guard,No information,No information,No information
Didius Julianus,Marcus Didius Severus Julianus,certain,AD,0193-03-28 ,certain,0193-06-01 ,64,0.18,certain,No second reign,certain,No second reign,0,0.0,Whole empire,Year of the Five Emperors (193),Principate (27 BC-284 AD),strong,canonical,Won auction held by the Praetorian Guard for the position of emperor,No information,No information,certain,AD,0133-01-30 ,certain,0193-06-??,60,"Killed on order of the Senate, at the behest of Septimius Severus",No information,No information,No information
Septimius Severus,Lucius Pertinax,certain,AD,0193-04-09 ,certain,0211-02-04 ,6501,17.81,certain,No second reign,certain,No second reign,0,0.0,Whole empire,Severan dynasty (193-235),Principate (27 BC-284 AD),strong,canonical,"Governor of Upper Pannonia, acclaimed emperor by the Pannonian legions following the murder of Pertinax",No information,No information,certain,AD,0145-04-11 ,certain,0211-02-04 ,65,First non-European emperor,Died of natural causes,No information,No information
Caracalla,Marcus Aurelius Antoninus,certain,AD,0211-02-04 ,certain,0217-04-08 ,2254,6.18,certain,No second reign,certain,No second reign,0,0.0,Whole empire,Severan dynasty (193-235),Principate (27 BC-284 AD),strong,canonical,"Son of Septimius Severus, proclaimed co-emperor on 28 January 198, at age 10","Succeeded jointly with his brother, Geta, in 211",No information,certain,AD,0188-04-04 ,certain,0217-04-08 ,29,First child emperor,Granted Roman citizenship to all free inhabitants of the empire,Murdered by a soldier at the instigation of Macrinus,No information
Geta,Publius Septimius Geta,certain,AD,0211-02-04 ,certain,0211-12-26 ,300,0.82,certain,No second reign,certain,No second reign,0,0.0,Whole empire,Severan dynasty (193-235),Principate (27 BC-284 AD),strong,canonical,"Son of Septimius Severus, proclaimed co-emperor in October 209, succeeded jointly with his older brother, Caracalla",No information,No information,certain,AD,0189-03-07 ,certain,0211-12-26 ,22,"Murdered on order of his brother, Caracalla",No information,No information,No information
Macrinus,Marcus Opellius Severus Macrinus,certain,AD,0217-04-11 ,certain,0218-06-08 ,423,1.16,certain,No second reign,certain,No second reign,0,0.0,Whole empire,Severan dynasty (193-235),Principate (27 BC-284 AD),strong,canonical,"Praetorian prefect of Caracalla, accepted as emperor by the army and Senate after having arranged his predecessor's death in fear of his own life",No information,No information,approximate,AD,0165-??-??,certain,0218-06-??,53,"First  non-senator to become emperor, and first emperor not to visit Rome after acceding",Executed during a revolt of the troops in favor of Elagabalus,No information,No information
Diadumenian,Marcus Opellius Antoninus Diadumenianus,certain,AD,0218-05-??,certain,0218-06-??,30,0.08,certain,No second reign,certain,No second reign,0,0.0,Whole empire,Severan dynasty (193-235),Principate (27 BC-284 AD),strong,controversial,"Son of Macrinus, named co-emperor by his father after the eruption of a rebellion in favor of Elagabalus",No information,No information,certain,AD,0208-09-14 ,certain,0218-06-??,9,Caught in flight and executed in favor of Elagabalus,No information,No information,No information
Elagabalus,Marcus Aurelius Antoninus,certain,AD,0218-05-16 ,certain,0222-03-12 ,1389,3.81,certain,No second reign,certain,No second reign,0,0.0,Whole empire,Severan dynasty (193-235),Principate (27 BC-284 AD),strong,canonical,"Cousin and alleged illegitimate son of Caracalla, acclaimed as emperor by rebellious legions in opposition to Macrinus at the instigation of his grandmother, Julia Maesa",No information,No information,certain,AD,????-??-??,certain,0222-03-??,18,"Murdered by the Praetorian Guard alongside his mother, probably at the instigation of Julia Maesa",No information,No information,No information
Severus Alexander,Marcus Aurelius Severus Alexander,certain,AD,0222-03-13 ,certain,0235-03-21 ,4753,13.02,certain,No second reign,certain,No second reign,0,0.0,Whole empire,Severan dynasty (193-235),Principate (27 BC-284 AD),strong,canonical,Cousin and adopted heir of Elagabalus,No information,No information,certain,AD,0208-10-01 ,certain,0235-03-21 ,26,"Lynched by mutinous troops, alongside his mother",No information,No information,No information
Maximinus I Thrax,Gaius Julius Verus Maximinus,certain,AD,0235-03-??,certain,0238-06-??,1185,3.25,certain,No second reign,certain,No second reign,0,0.0,Whole empire,Crisis of the Third Century (235-285),Principate (27 BC-284 AD),strong,canonical,Proclaimed emperor by Germanic legions after the murder of Severus Alexander,No information,No information,approximate,AD,????-??-??,approximate,0238-06-??,66,First commoner to become emperor,Murdered by his men during the siege of Aquileia,No information,No information
Gordian I,Marcus Antonius Gordianus Sempronianus Romanus,certain,AD,0238-04-??,certain,0238-05-??,22,0.06,certain,No second reign,certain,No second reign,0,0.0,Whole empire,Crisis of the Third Century (235-285),Principate (27 BC-284 AD),strong,canonical,"Proclaimed emperor alongside his son, Gordian II, while serving as governor of Africa, in a revolt against Maximinus, and recognized by the Senate",No information,No information,approximate,AD,????-??-??,approximate,0238-05-??,80,Oldest emperor at the time of his elevation,Committed suicide upon hearing of the death of his son,No information,No information
Gordian II,Marcus Antonius Gordianus Sempronianus Romanus,certain,AD,0238-04-??,certain,0238-05-??,22,0.06,certain,No second reign,certain,No second reign,0,0.0,Whole empire,Crisis of the Third Century (235-285),Principate (27 BC-284 AD),strong,canonical,"Proclaimed emperor alongside his father Gordian I, during revolt in Africa against Maximinus",No information,No information,approximate,AD,0192-??-??,approximate,0238-05-??,46,The shortest-reigning emperor on record,Killed outside Carthage in battle against an army loyal to Maximinus I,No information,No information
Pupienus,Marcus Clodius Maximus,certain,AD,0238-05-??,certain,0238-08-??,99,0.27,certain,No second reign,certain,No second reign,0,0.0,Whole empire,Crisis of the Third Century (235-285),Principate (27 BC-284 AD),strong,canonical,"Proclaimed emperor jointly with Balbinus by the Senate after death of Gordian I and II, in opposition to Maximinus",No information,No information,approximate,AD,0164-??-??,approximate,0238-08-??,74,Tortured and murdered by the Praetorian Guard,No information,No information,No information
Balbinus,Decimus Caelius Calvinus Balbinus,certain,AD,0238-05-??,certain,0238-08-??,99,0.27,certain,No second reign,certain,No second reign,0,0.0,Whole empire,Crisis of the Third Century (235-285),Principate (27 BC-284 AD),strong,canonical,"Proclaimed emperor jointly with Pupienus by the Senate after death of Gordian I and II, in opposition to Maximinus",No information,No information,approximate,AD,0178-??-??,approximate,0238-08-??,60,Tortured and murdered by the Praetorian Guard,No information,No information,No information
Gordian III,Marcus Antonius Gordianus,certain,AD,0238-08-??,certain,0244-02-??,2005,5.49,certain,No second reign,certain,No second reign,0,0.0,Whole empire,Crisis of the Third Century (235-285),Principate (27 BC-284 AD),strong,canonical,"Grandson of Gordian I, appointed as heir by Pupienus and Balbinus, upon whose deaths he succeeded as emperor",No information,No information,certain,AD,0225-01-20 ,approximate,0244-02-??,19,"Died during campaign against Persia, possibly in a murder plot instigated by Philip I",No information,No information,No information
Philip I the Arab,Marcus Julius Philippus,certain,AD,0244-02-??,certain,0249-09-??,1825,5.0,certain,No second reign,certain,No second reign,0,0.0,Whole empire,Crisis of the Third Century (235-285),Principate (27 BC-284 AD),strong,canonical,"Praetorian prefect under Gordian III, seized power after his death",No information,No information,approximate,AD,0204-??-??,certain,0249-09-??,45,"Killed at the Battle of Verona, against Decius",No information,No information,No information
Philip II the Younger,Marcus Julius Severus Philippus,certain,AD,0247-07-??,certain,0249-09-??,790,2.16,certain,No second reign,certain,No second reign,0,0.0,Whole empire,Crisis of the Third Century (235-285),Principate (27 BC-284 AD),strong,controversial,"Son of Philip I, appointed co-emperor",No information,No information,approximate,AD,0237-??-??,certain,0249-09-??,12,Murdered by the Praetorian Guard,No information,No information,No information
Decius,Gaius Messius Quintus Traianus Decius,certain,AD,0249-09-??,certain,0251-06-??,365,1.0,certain,No second reign,certain,No second reign,0,0.0,Whole empire,Crisis of the Third Century (235-285),Principate (27 BC-284 AD),strong,canonical,"Proclaimed emperor by the troops in Moesia, then defeated and killed Philip I in battle",No information,No information,approximate,AD,????-??-??,certain,0251-06-??,60,"Killed at the Battle of Abrittus, against the Goths",No information,No information,No information
Herennius Etruscus,Quintus Messius Decius,certain,AD,0251-05-??,certain,0251-06-??,30,0.08,certain,No second reign,certain,No second reign,0,0.0,Whole empire,Crisis of the Third Century (235-285),Principate (27 BC-284 AD),strong,controversial,"Son of Decius, appointed co-emperor",No information,No information,certain,AD,????-??-??,certain,0251-06-??,Unknown,Killed at the Battle of Abrittus alongside his father,No information,No information,No information
Trebonianus Gallus,Gaius Vibius Trebonianus Gallus,certain,AD,0251-06-??,certain,0253-08-??,790,2.16,certain,No second reign,certain,No second reign,0,0.0,Whole empire,Crisis of the Third Century (235-285),Principate (27 BC-284 AD),strong,canonical,"Senator and general, proclaimed emperor after the deaths of Decius and Herennius Etruscus",No information,No information,approximate,AD,0206-??-??,approximate,0253-08-??,47,Murdered by his own troops in favor of Aemilian,No information,No information,No information
Hostilian,Gaius Valens Hostilianus Messius Quintus,certain,AD,0251-06-??,certain,0251-07-??,30,0.08,certain,No second reign,certain,No second reign,0,0.0,Whole empire,Crisis of the Third Century (235-285),Principate (27 BC-284 AD),strong,controversial,"Younger son of Decius, named caesar by his father and proclaimed co-emperor by Trebonianus Gallus",No information,No information,certain,AD,????-??-??,approximate,0251-07-??,Unknown,Died of plague or murdered by Trebonianus Gallus,No information,No information,No information
Volusianus,Gaius Vibius Afinius Gallus Veldumnianus Volusianus,certain,AD,0251-08-??,certain,0253-08-??,730,2.0,certain,No second reign,certain,No second reign,0,0.0,Whole empire,Crisis of the Third Century (235-285),Principate (27 BC-284 AD),strong,controversial,"Son of Gallus, appointed co-emperor",No information,No information,approximate,AD,0230-??-??,approximate,0253-08-??,23,"Murdered by the soldiers, alongside his father",No information,No information,No information
Aemilianus,Marcus Aemilius Aemilianus,certain,AD,0253-07-??,certain,0253-09-??,60,0.16,certain,No second reign,certain,No second reign,0,0.0,Whole empire,Crisis of the Third Century (235-285),Principate (27 BC-284 AD),strong,canonical,"Commander in Moesia, proclaimed emperor by his soldiers after defeating barbarians, in opposition to Gallus",No information,No information,approximate,AD,0207-??-??,approximate,0253-09-??,46,Murdered by his own troops in favor of Valerian,No information,No information,No information
Silbannacus,Mar. Silbannacus,certain,AD,0253-09-??,certain,0253-09-??,30,0.08,certain,No second reign,certain,No second reign,0,0.0,Whole empire,Crisis of the Third Century (235-285),Principate (27 BC-284 AD),weak,canonical,"Obscure figure known only from coinage, may have briefly ruled in Rome between Aemilianus and Valerian",No information,No information,certain,AD,????-??-??,certain,????-??-??,Unknown,Nothing known,No information,No information,No information
Valerian,Publius Licinius Valerianus,certain,AD,0253-09-??,certain,0260-06-??,2460,6.74,certain,No second reign,certain,No second reign,0,0.0,Whole empire,Crisis of the Third Century (235-285),Principate (27 BC-284 AD),strong,canonical,"Army commander in Raetia and Noricum, proclaimed emperor by the legions in opposition to Aemilian",No information,No information,approximate,AD,0200-??-??,certain,????-??-??,Unknown,"Captured at Edessa by the Persian king Shapur I, died in captivity possibly forced to swallow molten gold",No information,No information,No information
Gallienus,Publius Licinius Egnatius Gallienus,certain,AD,0253-09-??,certain,0268-09-??,5475,15.0,certain,No second reign,certain,No second reign,0,0.0,Whole empire,Crisis of the Third Century (235-285),Principate (27 BC-284 AD),strong,canonical,"Son of Valerian, appointed joint emperor",Sole emperor after Valerian's capture in 260,No information,certain,AD,0218-??-??,approximate,0268-09-??,50,Faced multiple revolts & barbarian invasions,"Murdered in a conspiracy of army officers, involving Claudius II and Aurelian",No information,No information
Saloninus,Publius Licinius Cornelius Valerianus,certain,AD,0260-??-??,certain,0260-??-??,30,0.08,certain,No second reign,certain,No second reign,0,0.0,Whole empire,Crisis of the Third Century (235-285),Principate (27 BC-284 AD),strong,controversial,"Son of Gallienus, proclaimed caesar by his father and proclaimed emperor by the praetorian prefect Silvanus while besieged by Postumus",No information,No information,certain,AD,????-??-??,certain,0260-??-??,Unknown,Murdered by troops loyal to Postumus,No information,No information,No information
Claudius II Gothicus,Marcus Aurelius Claudius,certain,AD,0268-09-??,certain,0270-08-??,695,1.9,certain,No second reign,certain,No second reign,0,0.0,Whole empire,Crisis of the Third Century (235-285),Principate (27 BC-284 AD),strong,canonical,"Army commander in Illyria, proclaimed emperor after Gallienus's death",No information,No information,certain,AD,0214-05-10 ,certain,0270-08-??,55,Died of plague,No information,No information,No information
Quintillus,Marcus Aurelius Claudius Quintillus,certain,AD,0270-08-??,certain,0270-09-??,27,0.07,certain,No second reign,certain,No second reign,0,0.0,Whole empire,Crisis of the Third Century (235-285),Principate (27 BC-284 AD),strong,canonical,"Brother of Claudius II, proclaimed emperor after his death",No information,No information,certain,AD,????-??-??,certain,0270-??-??,Unknown,Committed suicide or killed at the behest of Aurelian,No information,No information,No information
Aurelian,Lucius Domitius Aurelianus,certain,AD,0270-08-??,certain,0275-11-??,1915,5.25,certain,No second reign,certain,No second reign,0,0.0,Whole empire,Crisis of the Third Century (235-285),Principate (27 BC-284 AD),strong,canonical,"Commander of the Roman cavalry, proclaimed emperor by Danube legions after Claudius II's death, in opposition to Quintillus",No information,No information,certain,AD,0214-09-09 ,approximate,0275-??-??,61,Reunified the Roman Empire,Murdered by the Praetorian Guard,No information,No information
Tacitus,Marcus Claudius Tacitus,certain,AD,0275-12-??,certain,0276-06-??,210,0.58,certain,No second reign,certain,No second reign,0,0.0,Whole empire,Crisis of the Third Century (235-285),Principate (27 BC-284 AD),strong,canonical,"Alleged princeps senatus, proclaimed emperor by the Senate or, more likely, by his soldiers in Campania after Aurelian's death",No information,No information,approximate,AD,????-??-??,approximate,0276-06-??,76,Died of illness or possibly murdered,No information,No information,No information
Florianus,Marcus Annius Florianus,certain,AD,0276-06-??,certain,0276-09-??,0,0.0,certain,No second reign,certain,No second reign,0,0.0,Whole empire,Crisis of the Third Century (235-285),Principate (27 BC-284 AD),strong,canonical,"Brother or, more likely, half-brother of Tacitus",No information,No information,certain,AD,????-??-??,certain,0276-09-??,Unknown,Murdered by his own troops in favor of Probus,No information,No information,No information
Probus,Marcus Aurelius Probus,certain,AD,0276-06-??,certain,0282-09-??,2280,6.25,certain,No second reign,certain,No second reign,0,0.0,Whole empire,Crisis of the Third Century (235-285),Principate (27 BC-284 AD),strong,canonical,General,"Proclaimed emperor by the eastern legions, in opposition to Florianus",No information,certain,AD,0232-08-19 ,approximate,0282-09-??,50,Murdered by his own troops in favor of Carus,No information,No information,No information
Carus,Marcus Aurelius Carus,certain,AD,0282-09-??,certain,0283-07-??,300,0.82,certain,No second reign,certain,No second reign,0,0.0,Whole empire,Crisis of the Third Century (235-285),Principate (27 BC-284 AD),strong,canonical,"Praetorian prefect under Probus, seized power before or after Probus's murder",No information,No information,approximate,AD,????-??-??,approximate,0283-07-??,60,"Died in Persia, either of illness, assassination, or by being hit by lightning",No information,No information,No information
Carinus,Marcus Aurelius Carinus,certain,AD,0283-??-??,certain,0285-08-??,730,2.0,certain,No second reign,certain,No second reign,0,0.0,Whole empire,Crisis of the Third Century (235-285),Principate (27 BC-284 AD),strong,canonical,"Son of Carus, appointed joint emperor shortly before his death",Succeeded jointly with Numerian,No information,approximate,AD,0250-??-??,certain,0285-08-??,35,"Probably died in battle against Diocletian, likely betrayed by his own soldiers",No information,No information,No information
Numerian,Marcus Aurelius Numerianus,certain,AD,0283-07-??,certain,0284-11-??,365,1.0,certain,No second reign,certain,No second reign,0,0.0,Whole empire,Crisis of the Third Century (235-285),Principate (27 BC-284 AD),strong,canonical,"Son of Carus, succeeded jointly with Carinus",No information,No information,approximate,AD,0253-??-??,certain,0284-11-??,31,"Died while marching to Europe, probably of disease, possibly assassinated",No information,No information,No information
Diocletian Jovius,Gaius Aurelius Valerius Diocletianus,certain,AD,0284-11-20 ,certain,0305-05-01 ,7461,20.44,certain,No second reign,certain,No second reign,0,0.0,Whole empire,Tetrarchy (284-324),Dominate (284-476),strong,canonical,"Commander of the imperial bodyguard, acclaimed by the army after death of Numerian, and proceeded to defeat Numerian's brother, Carinus, in battle",No information,No information,approximate,AD,0243-12-22 ,approximate,0311-12-03 ,68,Began the last great persecution of Christianity,First emperor to voluntarily abdicate,"Died in unclear circumstances, possibly suicide",No information
Maximian Herculius,Marcus Aurelius Valerius Maximianus,certain,AD,0286-04-01 ,certain,0305-05-01 ,6965,19.08,certain,0306-??-??,certain,0308-11-11 ,730,2.0,West,Tetrarchy (284-324),Dominate (284-476),strong,canonical,"Elevated by Diocletian, ruled the western provinces",No information,No information,approximate,AD,0250-??-??,approximate,0310-07-??,60,"Abdicated with Diocletian, later trying to regain power with, and then from, Maxentius, before being probably killed on orders of Constantine I",No information,No information,No information
Galerius,Gaius Valerius Maximianus,certain,AD,0305-05-01 ,certain,0311-05-??,2190,6.0,certain,No second reign,certain,No second reign,0,0.0,East,Tetrarchy (284-324),Dominate (284-476),strong,canonical,"Elevated to caesar in 293 by Diocletian, succeeded as eastern augustus upon Diocletian's abdication",No information,No information,approximate,AD,0258-??-??,certain,0311-05-??,53,Died of natural causes,No information,No information,No information
Constantius I Chlorus,Marcus Flavius Valerius Constantius,certain,AD,0305-05-01 ,certain,0306-07-25 ,449,1.23,certain,No second reign,certain,No second reign,0,0.0,West,Tetrarchy (284-324),Dominate (284-476),strong,canonical,"Maximian's relation by marriage, elevated to caesar in 293 by Diocletian, succeeded as western augustus upon Maximian's abdication",No information,No information,approximate,AD,0250-03-31 ,certain,0306-07-25 ,56,Died of natural causes,No information,No information,No information
Severus II,Flavius Valerius Severus,certain,AD,0306-08-??,certain,0307-03-??,240,0.66,certain,No second reign,certain,No second reign,0,0.0,West,Tetrarchy (284-324),Dominate (284-476),strong,canonical,"Elevated to caesar in 305 by Maximian, promoted to western augustus by Galerius upon Constantius I's death",No information,No information,certain,AD,????-??-??,certain,0307-09-??,Unknown,"Surrendered to Maximian and Maxentius, later murdered or forced to commit suicide",No information,No information,No information
Maxentius,Marcus Aurelius Valerius Maxentius,certain,AD,0306-10-28 ,certain,0312-10-28 ,2190,6.0,certain,No second reign,certain,No second reign,0,0.0,Italy,Tetrarchy (284-324),Dominate (284-476),weak,canonical,"Son of Maximian and son-in-law of Galerius, seized power in Italy with support of the Praetorian Guard and his father after being passed over in the succession",Not recognized by the other emperors,No information,approximate,AD,0283-??-??,certain,0312-10-28 ,29,"Died at the Battle of the Milvian Bridge, against Constantine I",No information,No information,No information
Licinius,Valerius Licinianus Licinius,certain,AD,0308-11-11 ,certain,0324-09-19 ,5783,15.84,certain,No second reign,certain,No second reign,0,0.0,East,Tetrarchy (284-324),Dominate (284-476),strong,canonical,"Elevated by Galerius to replace Severus, in opposition to Maxentius",Defeated Maximinus Daza in a civil war to become sole emperor of the East in 313,No information,approximate,AD,0265-??-??,certain,0325-??-??,60,"Defeated, deposed and put to death by Constantine I",No information,No information,No information
Maximinus II Daza,Galerius Valerius Maximinus,certain,AD,0310-??-??,certain,0313-07-??,1095,3.0,certain,No second reign,certain,No second reign,0,0.0,East,Tetrarchy (284-324),Dominate (284-476),strong,canonical,"Nephew of Galerius, elevated to caesar by Diocletian in 305, and acclaimed as augustus by his troops in 310",No information,No information,approximate,AD,0270-11-20 ,approximate,0313-07-??,42,"Defeated in civil war against Licinius, died shortly afterwards",No information,No information,No information
Valerius Valens,Aurelius Valerius Valens,certain,AD,0316-10-??,certain,0317-01-??,0,0.0,certain,No second reign,certain,No second reign,0,0.0,West,Tetrarchy (284-324),Dominate (284-476),weak,canonical,"Frontier commander in Dacia, elevated by Licinius in opposition to Constantine I",No information,No information,certain,AD,????-??-??,certain,0317-??-??,Unknown,Executed in the lead-up to a peace settlement between Licinius and Constantine,No information,No information,No information
Martinian,Mar. Martinianus,certain,AD,0324-07-??,certain,0324-09-19 ,60,0.16,certain,No second reign,certain,No second reign,0,0.0,West,Tetrarchy (284-324),Dominate (284-476),weak,canonical,"A senior bureaucrat, elevated by Licinius in opposition to Constantine I",No information,No information,certain,AD,????-??-??,certain,0325-??-??,Unknown,"Deposed by Constantine and banished to Cappadocia, later executed",No information,No information,No information
Constantine I the Great,Flavius Valerius Constantinus,certain,AD,0306-07-25 ,certain,0337-05-22 ,11247,30.81,certain,No second reign,certain,No second reign,0,0.0,Whole empire,Constantinian dynasty (306-363),Dominate (284-476),strong,canonical,"Son of Constantius I, acclaimed by his father's troops as augustus","Accepted as caesar by Galerius in 306, promoted to augustus in 307 by Maximian, refused demotion to caesar in 309",No information,certain,AD,????-02-27 ,certain,0337-05-22 ,65,First Christian emperor and founder of Constantinople,Sole ruler of the Empire after defeating Maxentius in 312 and Licinius in 324,Died of natural causes,No information
Constantine II,Flavius Claudius Constantinus,certain,AD,0337-09-09 ,certain,0340-04-??,940,2.58,certain,No second reign,certain,No second reign,0,0.0,West,Constantinian dynasty (306-363),Dominate (284-476),strong,canonical,Son of Constantine I,No information,No information,approximate,AD,0316-02-??,certain,0340-04-??,24,Ruled the praetorian prefecture of Gaul,"Killed in an ambush during a war against his brother, Constans I",No information,No information
Constans,I Flavius Julius Constans,certain,AD,0337-09-09 ,certain,0350-01-??,4500,12.33,certain,No second reign,certain,No second reign,0,0.0,West,Constantinian dynasty (306-363),Dominate (284-476),strong,canonical,Son of Constantine I,No information,No information,certain,AD,????-??-??,certain,0350-01-??,27,"Ruled Italy, Illyricum and Africa initially, then the western empire after Constantine II's death",Overthrown and killed by Magnentius,No information,No information
Constantius II,Flavius Julius Constantius,certain,AD,0337-09-09 ,certain,0361-11-03 ,8815,24.15,certain,No second reign,certain,No second reign,0,0.0,Whole empire,Constantinian dynasty (306-363),Dominate (284-476),strong,canonical,Son of Constantine I,No information,No information,certain,AD,0317-08-07 ,certain,0361-11-03 ,44,"Ruled the east initially, then the whole empire after the death of Magnentius",Died of a fever shortly after starting a war againts Julian,No information,No information
Magnentius,Magnus Magnentius,certain,AD,0350-01-18 ,certain,0353-08-10 ,1298,3.56,certain,No second reign,certain,No second reign,0,0.0,West,Constantinian dynasty (306-363),Dominate (284-476),weak,canonical,"Proclaimed emperor by the troops, in opposition to Constans I",No information,No information,approximate,AD,0303-??-??,certain,0353-08-10 ,50,Committed suicide after losing the Battle of Mons Seleucus,No information,No information,No information
Nepotianus,Julius Nepotianus,certain,AD,0350-06-03 ,certain,0350-06-30 ,27,0.07,certain,No second reign,certain,No second reign,0,0.0,West,Constantinian dynasty (306-363),Dominate (284-476),weak,canonical,"Son of Eutropia, a daughter of Constantius I",Proclaimed emperor in Rome in opposition to Magnentius,No information,certain,AD,????-??-??,certain,0350-06-30 ,Unknown,Captured and executed by supporters of Magnentius,No information,No information,No information
Vetranio,Vetranio,certain,AD,0350-03-01 ,certain,0350-12-25 ,294,0.81,certain,No second reign,certain,No second reign,0,0.0,West,Constantinian dynasty (306-363),Dominate (284-476),weak,canonical,"General of Constans in Illyricum, acclaimed by the Illyrian legions at the expense of Magnentius",No information,No information,certain,AD,????-??-??,approximate,0356-??-??,Unknown,"Abdicated in Constantius II's favor, retired, and died 6 years later",No information,No information,No information
Julian the Apostate,Flavius Claudius Julianus,certain,AD,0361-11-03 ,certain,0363-06-26 ,598,1.64,certain,No second reign,certain,No second reign,0,0.0,Whole empire,Constantinian dynasty (306-363),Dominate (284-476),strong,canonical,"Cousin and heir of Constantius II, acclaimed by the Gallic army around February 360",Entered Constantinople on 11 December 361,No information,certain,AD,0331-??-??,certain,0363-06-26 ,32,Last non-Christian emperor,Mortally wounded during a campaign against Persia,No information,No information
Jovian,Jovianus,certain,AD,0363-06-27 ,certain,0364-02-17 ,231,0.63,certain,No second reign,certain,No second reign,0,0.0,Whole empire,Constantinian dynasty (306-363),Dominate (284-476),strong,canonical,Commander of imperial household guard,Acclaimed by the army after Julian's death,No information,certain,AD,????-??-??,certain,0364-02-17 ,33,Possibly died of inhaling toxic fumes or indigestion,No information,No information,No information
Valentinian I the Great,Valentinianus,certain,AD,0364-02-??,certain,0375-11-17 ,4278,11.72,certain,No second reign,certain,No second reign,0,0.0,Whole empire,Valentinianic dynasty (364-392),Dominate (284-476),strong,canonical,General,Proclaimed emperor by the army after Jovian's death,No information,certain,AD,0321-??-??,certain,0375-11-17 ,54,Last emperor to cross the Rhine into Germania,Died of a stroke while yelling at envoys,No information,No information
Valens,Valens,certain,AD,0364-03-28 ,certain,0378-08-09 ,5242,14.36,certain,No second reign,certain,No second reign,0,0.0,East,Valentinianic dynasty (364-392),Dominate (284-476),strong,canonical,"Brother of Valentinian I, made eastern emperor by his brother (Valentinian retaining the west)",No information,No information,approximate,AD,0328-??-??,certain,0378-08-09 ,50,Killed at the Battle of Adrianople,No information,No information,No information
Procopius,Procopius,certain,AD,0365-09-28 ,certain,0366-05-27 ,239,0.65,certain,No second reign,certain,No second reign,0,0.0,East,Valentinianic dynasty (364-392),Dominate (284-476),weak,canonical,Maternal cousin and intended heir of Julian,"Revolted against Valens and captured Constantinople, where the people proclaimed him emperor",No information,certain,AD,0326-??-??,certain,0366-05-??,40,"Deposed, captured and executed by Valens",No information,No information,No information
Gratian,Gratianus,certain,AD,0375-11-17 ,certain,0383-08-25 ,2833,7.76,certain,No second reign,certain,No second reign,0,0.0,West,Valentinianic dynasty (364-392),Dominate (284-476),strong,canonical,Son of Valentinian I,"Proclaimed western co-emperor on 24 August 367, at age 8",Emperor in his own right after Valentinian's death,certain,AD,0359-04-18 ,certain,0383-08-25 ,24,"Killed by Andragathius, an officer of Magnus Maximus",No information,No information,No information
Magnus Maximus,Magnus Maximus,certain,AD,0383-08-25 ,certain,0388-08-28 ,1828,5.01,certain,No second reign,certain,No second reign,0,0.0,West,Valentinianic dynasty (364-392),Dominate (284-476),weak,canonical,"General, related to Theodosius I",Proclaimed emperor by the troops in Britain,Briefly recognized by Theodosius I and Valentinian II,certain,AD,????-??-??,certain,0388-08-28 ,Unknown,"Defeated by Theodosius I at the Battle of Save, executed after surrendering",No information,No information,No information
Valentinian II,Valentinianus,certain,AD,0388-08-28 ,certain,0392-05-15 ,1352,3.7,certain,No second reign,certain,No second reign,0,0.0,West,Valentinianic dynasty (364-392),Dominate (284-476),strong,canonical,"Son of Valentinian I, proclaimed co-emperor on 22 November 375, at age 4",Sole western ruler after the defeat of Magnus Maximus in 388,No information,certain,AD,0371-??-??,certain,0392-05-15 ,21,Dominated by regents and co-emperors his entire reign,"Probably suicide, possibly killed by Arbogast",No information,No information
Eugenius,Eugenius,certain,AD,0392-08-22 ,certain,0394-09-06 ,745,2.04,certain,No second reign,certain,No second reign,0,0.0,West,Valentinianic dynasty (364-392),Dominate (284-476),weak,canonical,"Teacher of Latin grammar and rhetoric, secretary of Valentinian II",Proclaimed emperor by Arbogast,No information,certain,AD,????-??-??,certain,0394-09-06 ,Unknown,Defeated by Theodosius I at the Battle of the Frigidus and executed,No information,No information,No information
Theodosius I the Great,Theodosius I the Great,certain,AD,0379-01-19 ,certain,0395-01-17 ,5834,15.98,certain,No second reign,certain,No second reign,0,0.0,Whole empire,Theodosian dynasty (379-457),Dominate (284-476),strong,canonical,Retired general,Proclaimed eastern emperor by Gratian,Ruler of the entire empire after Valentinian II's death,certain,AD,????-01-11 ,certain,0395-01-17 ,49,Last emperor to briefly rule over the two halves of the Empire after the Battle of the Frigidus,Died of natural causes,No information,No information
Arcadius,Arcadius,certain,AD,0395-01-17 ,certain,0408-05-01 ,4849,13.28,certain,No second reign,certain,No second reign,0,0.0,East,Theodosian dynasty (379-457),Dominate (284-476),strong,canonical,Son of Theodosius I,Co-emperor since 16 January 383,Emperor in the east,certain,AD,0377-??-??,certain,0408-05-01 ,31,Died of natural causes,No information,No information,No information
Honorius,Honorius,certain,AD,0395-01-17 ,certain,0423-08-15 ,10429,28.57,certain,No second reign,certain,No second reign,0,0.0,West,Theodosian dynasty (379-457),Dominate (284-476),strong,canonical,Son of Theodosius I,Co-emperor since 23 January 393,Emperor in the west,certain,AD,0384-09-09 ,certain,0423-08-15 ,38,Reigned under several successive regencies,Died of edema,No information,No information
Constantine III,Flavius Claudius Constantinus,certain,AD,0407-??-??,certain,0411-??-??,1460,4.0,certain,No second reign,certain,No second reign,0,0.0,West,Theodosian dynasty (379-457),Dominate (284-476),weak,canonical,"Common soldier, proclaimed emperor by the troops in Britain",Recognized by Honorius in 409,Emperor in the west,certain,AD,????-??-??,certain,0411-??-??,Unknown,"Surrendered to Constantius, a general of Honorius, and abdicated",Sent to Italy but murdered on the way,No information,No information
Theodosius II,Theodosius II,certain,AD,0408-05-01 ,certain,0450-07-28 ,15417,42.24,certain,No second reign,certain,No second reign,0,0.0,East,Theodosian dynasty (379-457),Dominate (284-476),strong,canonical,Son of Arcadius,Co-emperor since 10 January 402,Emperor in the east,certain,AD,0401-04-10 ,certain,0450-07-28 ,49,Died of a fall from his horse,No information,No information,No information
Priscus Attalus,Priscus Attalus,certain,AD,0409-??-??,certain,0410-??-??,365,1.0,certain,No second reign,certain,No second reign,0,0.0,Italy,Theodosian dynasty (379-457),Dominate (284-476),weak,canonical,"A leading member of the Senate, proclaimed emperor by Alaric after the Sack of Rome",Emperor in the west,No information,certain,AD,????-??-??,certain,????-??-??,Unknown,Deposed by Alaric after reconciling with Honorius,Tried to claim the throne again 414-415  but was defeated and forced into exile,Fate unknown,No information
Constantius III,Constantius III,certain,AD,0421-02-08 ,certain,0421-09-02 ,205,0.56,certain,No second reign,certain,No second reign,0,0.0,West,Theodosian dynasty (379-457),Dominate (284-476),strong,canonical,"Prominent general under Honorius and husband of Galla Placidia, a daughter of Theodosius I",Made co-emperor by Honorius,Emperor in the west,certain,AD,????-??-??,certain,0421-09-02 ,Unknown,De facto ruler since 411,Helped Honorius defeat numerous usurpers & foreign enemies,Died of illness,No information
Johannes,Johannes,certain,AD,0423-11-20 ,certain,0425-05-??,365,1.0,certain,No second reign,certain,No second reign,0,0.0,West,Theodosian dynasty (379-457),Dominate (284-476),weak,canonical,"Senior civil servant, seized power in Rome and the west after Theodosius II delayed in nominating a successor of Honorius",No information,No information,certain,AD,????-??-??,approximate,0425-05-??,Unknown,"Captured by the forces of Theodosius II, brought to Constantinople and executed",No information,No information,No information
Valentinian III,Placidus Valentinianus,certain,AD,0425-10-23 ,certain,0455-03-16 ,10726,29.39,certain,No second reign,certain,No second reign,0,0.0,West,Theodosian dynasty (379-457),Dominate (284-476),strong,canonical,"Son of Constantius III, grandson of Theodosius I and great-grandson of Valentinian I, installed as emperor of the west by Theodosius II",No information,No information,certain,AD,0419-07-02 ,certain,0455-03-16 ,35,Faced the invasion of the Huns,"Murdered by Optelas and Thraustelas, retainers of Aetius",No information,No information
Marcian,Marcianus,certain,AD,0450-08-25 ,certain,0457-01-27 ,2342,6.42,certain,No second reign,certain,No second reign,0,0.0,East,Theodosian dynasty (379-457),Dominate (284-476),strong,canonical,"Soldier and official, proclaimed emperor after marrying Pulcheria, a daughter of Arcadius",Emperor in the east,No information,certain,AD,????-??-??,certain,0457-01-27 ,65,Died after a prolonged period of illness,No information,No information,No information
Petronius Maximus,Petronius Maximus,certain,AD,0455-03-17 ,certain,0455-05-31 ,74,0.2,certain,No second reign,certain,No second reign,0,0.0,Whole empire,Last western emperors (455-476),Dominate (284-476),strong,canonical,"General and civil official, murdered Valentinian III and married his widow, Licinia Eudoxia",No information,No information,certain,AD,????-??-??,certain,0455-05-31 ,Unknown,Killed by a mob while fleeing during the Vandalic sack of Rome,No information,No information,No information
Avitus,Eparchius Avitus,certain,AD,0455-07-09 ,certain,0456-10-17 ,463,1.27,certain,No second reign,certain,No second reign,0,0.0,Whole empire,Last western emperors (455-476),Dominate (284-476),strong,canonical,General,Proclaimed emperor by the Visigoths and Gallo-Romans after the death of Petronius Maximus,No information,certain,AD,????-??-??,certain,????-??-??,Unknown,"Defeated and deposed by the magister militum Ricimer, became a bishop","Died shortly after of either natural causes, strangulation, or being starved to death",No information,No information
Majorian,Iulius Valerius Maiorianus,certain,AD,0457-04-01 ,certain,0461-08-02 ,1581,4.33,certain,No second reign,certain,No second reign,0,0.0,Whole empire,Last western emperors (455-476),Dominate (284-476),strong,canonical,General,"Proclaimed by the army, backed by Ricimer",No information,certain,AD,????-??-??,certain,0461-08-07 ,Unknown,"Reconquered Gaul, Hispania and Dalmatia",Deposed and executed by Ricimer,No information,No information
Libius Severus,Severus III,certain,AD,0461-11-19 ,certain,0465-11-14 ,1451,3.98,certain,No second reign,certain,No second reign,0,0.0,Whole empire,Last western emperors (455-476),Dominate (284-476),strong,canonical,Proclaimed emperor by Ricimer,No information,No information,certain,AD,????-??-??,certain,0465-11-14 ,Unknown,Died of natural causes,No information,No information,No information
Anthemius,Procopius Anthemius,certain,AD,0467-04-12 ,certain,0472-07-11 ,1914,5.24,certain,No second reign,certain,No second reign,0,0.0,Whole empire,Last western emperors (455-476),Dominate (284-476),strong,canonical,General,"Husband of Marcia Euphemia, a daughter of Marcian",Proclaimed western emperor by Leo I,certain,AD,????-??-??,certain,0472-07-11 ,Unknown,The last effective emperor of the West,Murdered by Gundobad after a civil war with Ricimer,No information,No information
Olybrius,Anicius Olybrius,certain,AD,0472-04-??,certain,0472-11-02 ,210,0.58,certain,No second reign,certain,No second reign,0,0.0,Whole empire,Last western emperors (455-476),Dominate (284-476),strong,canonical,"Husband of Placidia, a daughter of Valentinian III",Proclaimed emperor by Ricimer,No information,certain,AD,????-??-??,certain,0472-11-02 ,Unknown,Died of dropsy,No information,No information,No information
Glycerius,Glycerius,certain,AD,0473-03-??,certain,0474-06-24 ,455,1.25,certain,No second reign,certain,No second reign,0,0.0,Whole empire,Last western emperors (455-476),Dominate (284-476),strong,canonical,General,Proclaimed emperor by Gundobad,No information,certain,AD,????-??-??,certain,????-??-??,Unknown,"Deposed by Julius Nepos and made a bishop, subsequent fate unknown",No information,No information,No information
Julius Nepos,Julius Nepos,certain,AD,0474-06-24 ,certain,0475-08-28 ,429,1.18,certain,0475-08-??,certain,0480-05-09 ,1700,4.66,Whole empire,Last western emperors (455-476),Dominate (284-476),strong,canonical,General,"Married to a relative of Verina, the wife of the eastern emperor Leo I",Installed as western emperor by Leo,certain,AD,????-??-??,certain,0480-05-09 ,Unknown,Fled to Dalmatia in the face of an attack by his magister militum Orestes,Continued to claim to be emperor in exile,Murdered by his retainers,No information
Romulus Augustulus,Romulus Augustus,certain,AD,0475-10-31 ,certain,0476-09-04 ,304,0.83,certain,No second reign,certain,No second reign,0,0.0,Whole empire,Last western emperors (455-476),Dominate (284-476),strong,canonical,"Proclaimed emperor by his father, the magister militum Orestes",No information,No information,certain,AD,0465-??-??,certain,????-??-??,Unknown,The last western emperor,Deposed by the Germanic general Odoacer and retired,Possibly alive as late as 507 or 511,Fate unknown
